[
  {
    "title": "亲密模式",
    "description": "亲密挑战",
    "type": "custom",
    "task_count": 27,
    "tasks": [
      "和对方舌吻10秒",
      "把对方弄硬或弄湿",
      "舔对手的脖子到胸30秒",
      "给对方口交15秒",
      "脱光",
      "吸咬对方的乳头20秒",
      "和对方舌吻半分钟",
      "用嘴含住对方的蛋蛋或阴蒂10秒",
      "后入抽插20次不许射",
      "揉一下对方的胸或揪一下",
      "跟对方乳交半分钟",
      "对方站着自己跪着帮他（她）口10秒",
      "被对方拔一根毛",
      "像口交一样吸吮对方手指10秒",
      "用奶或JJ蹭对方的脸10秒",
      "用嘴含住对方的蛋蛋或阴蒂10秒",
      "舔对方的脖子到胸30秒",
      "被对方用脚踩胸或蛋蛋10秒",
      "和对方舌吻半分钟",
      "对方站着自己跪着帮他（她）口10秒",
      "用嘴含住对方的蛋蛋或阴蒂半分钟",
      "吸咬对方的乳头30秒",
      "对着镜子后入一分钟，不许射",
      "对方站着自己跪着帮他（她）口一分钟",
      "从额头一直往下舔到脚趾",
      "对手从大腿根部倒水你接着喝光",
      "指定身上任意位置让对方舔20秒"
    ]
  },
  {
    "title": "情侣模式",
    "description": "情侣游戏",
    "type": "custom",
    "task_count": 28,
    "tasks": [
      "脱掉对方一条内裤",
      "舔对方耳朵10秒",
      "给对方按摩小腿",
      "【福利】躺下对方给你按摩一分钟",
      "和对方深情接吻30秒",
      "挠痒痒到对方求饶为止，至少10秒",
      "脱掉对方一件衣服",
      "脱掉对方的所有衣服",
      "挑逗对方敏感部位15秒",
      "被对方伸到内衣内抓胸10秒",
      "自拍一段接吻小视频",
      "脱光衣服",
      "用嘴吸吮对方手指10秒",
      "对方舔你上半身的各个部位超过30秒",
      "自己趴着对方舔你后背20秒",
      "吸吮对方xiong20秒",
      "和对方湿吻10秒",
      "亲吻对方大腿内侧10秒",
      "脱光衣服",
      "摸对方xiong或者打屁股一下",
      "被对方手伸进裤子随便摸10秒",
      "【福利】对方口你下面30秒",
      "揉对方nai一下",
      "舔对方脖子到胸口30秒",
      "舔或轻咬对方耳垂5下",
      "跪舔对方30秒",
      "【福利】躺下享受被对方舔遍全身1分钟",
      "想尽办法弄对方勃起或者流水"
    ]
  },
  {
    "title": "进阶模式",
    "description": "进阶玩法",
    "type": "custom",
    "task_count": 28,
    "tasks": [
      "帮对手含住蛋蛋或阴蒂10秒舌头打转",
      "【惩罚】撅起PP让对方打3下",
      "【福利】对方给你口指定部位一分钟",
      "舔对手的丝足或手指10秒",
      "脱光衣服",
      "和对手湿吻10秒",
      "吸吮对方手指10秒",
      "舔对方后背1分钟",
      "被对手用牙齿咬住乳头磨蹭10秒",
      "【福利】对方含着水在你身上亲吻30秒",
      "用嘴含住对手蛋蛋或阴蒂10秒",
      "从背后伸手过来揉胸30秒",
      "后入抽搐20次不许射",
      "跟对方乳交30秒",
      "被对方用牙齿咬住乳头磨蹭10秒",
      "揉对方胸3下或轻咬对方耳垂5下",
      "想尽办法弄对手勃起或流水",
      "男方站立抱起女方悬空插入20次不许射",
      "用胸或者JJ蹭对方的脸10秒",
      "舔对方的脖子到胸30秒",
      "观音坐莲30秒运动不许射",
      "【福利】对方舔你身上的各个部位1分钟",
      "【福利】对手帮你舔全身各个部位2分钟",
      "用嘴含住对手蛋蛋或阴蒂30秒",
      "被对手用JJ打脸3下或B蹭脸10秒",
      "用手扣自己下面1分钟，或lu30下",
      "口含热水给对手进行口30秒",
      "对方站着自己跪着帮他（她）口1分钟"
    ]
  },
  {
    "title": "恋爱模式",
    "description": "恋爱升温",
    "type": "custom",
    "task_count": 41,
    "tasks": [
      "轻轻的在对方耳朵边吹气10下",
      "在镜子前拥吻",
      "依次亲吻对方脸脖子锁骨",
      "躺下给对方按摩1分钟",
      "将对方压在身下做十个俯卧撑",
      "两人钻进被窝里亲亲",
      "双方对视20秒",
      "撅起PP，让对方打10下",
      "轻轻抚摸对方下面30秒",
      "互相拥抱1分钟，并且抚摸对方PP",
      "男生公主抱女生，并坚持15秒",
      "闭上眼睛让对方为所欲为1分钟",
      "亲吻对方的脸颊",
      "与对方舌吻30秒",
      "轻揉对方PP",
      "脱掉对方指定的衣服",
      "轻轻抚摸对方xiong30秒",
      "和对方法式湿吻20秒",
      "脱掉一件衣服",
      "单膝下跪亲吻对方的手",
      "抚摸对方的大腿30秒",
      "亲亲对方xiong30秒",
      "背对对方扭动屁股",
      "什么都不做",
      "脱掉一件衣服",
      "轻舔对方的耳垂10秒钟",
      "给对方一个轻柔的脚部按摩，持续2分钟",
      "展示一种性感的舞蹈，持续1分钟",
      "和对方一起尝试新的性爱姿势或者技巧，寻找新的刺激",
      "用舌尖轻轻刺激对方耳朵",
      "轻轻咬住对方的耳垂",
      "为对方做一个放松的肩部按摩",
      "温柔抚摸对方下体30秒，给予快感",
      "闭上眼睛，让对方为你做任何事情一分钟",
      "轻轻揉捏对方的PP",
      "根据对方指定，脱掉任意一件衣服",
      "温柔地抚摸对方的胸部30秒",
      "双方一起尝试一种新的xo姿势",
      "相互用手掌轻轻触摸对方的敏感部位",
      "为对方唱一首歌或朗诵一段情诗",
      "模仿对方的声音和样子，玩起角色扮演游戏"
    ]
  },
  {
    "title": "Aron的36个问题",
    "description": "亲密关系36问",
    "type": "custom",
    "task_count": 36,
    "tasks": [
      "如果可以在世界上所有人中任意选择，你想邀请谁共进晚餐？",
      "你想成名吗？想以什么方式成名？",
      "打电话之前你会先排练一下要说什么吗，为什么？",
      "对你来说，“完美”的一天是什么样的？",
      "你上次自己唱起歌来是在什么时候，给别人唱呢？",
      "如果你能活到90岁，同时可以一直保持30岁时的心智或身体，你会选择保持哪一种呢，心智还是身体？",
      "你是否曾经秘密地预感到自己会以怎样的方式死去？",
      "说出三件你和你的伴侣看上去相同的特征。",
      "人生中的什么东西最令你感激？",
      "如果你能改变被抚养成人过程中的一件事，会是哪一件。",
      "花四分钟时间，尽可能详细告诉伴侣你的人生经历。",
      "如果你明天一觉醒来就能拥有某种才能或能力，你希望那会是什么能力呢？",
      "如果有一个水晶球可以告诉你关于自己、人生，未来乃至任何事情的真相，你会想知道吗？",
      "有没有什么事是你一直梦想去做而没有去做的，为什么没有做？",
      "你人生中最大的成就是什么？",
      "在一段友谊之中你最珍视的是什么？",
      "你最宝贵的记忆是什么？",
      "你最糟糕的记忆是什么？",
      "假如你知道自己在一年内就会突然死去，你会改变现在的生活方式吗？为什么？",
      "友谊对于你来说意味着什么？",
      "爱与情感在你生活中扮演着什么样的角色？",
      "和你的伴侣轮流说出心目中对方的一个好品质，每人说五条。",
      "你的家人之间关系是否亲密而温暖，你觉得自己的童年比其他人更快乐吗？",
      "你和母亲之间的关系是怎样的？",
      "每人用“我们”造三个句子，并含有实际情况，比如“我们俩在屋子里，感觉……”",
      "补完这个句子：“我希望和某人在一起，分享……”",
      "如果你想和对方成为亲近的朋友，请告诉对方有什么重要的事情是他或她需要知道的。",
      "告诉对方你喜欢他或她身上的什么东西，要非常诚实，说些你不会对萍水之交说的东西。",
      "和对方分享生命中那些尴尬的时刻。",
      "你上次在别人面前哭是什么时候？自己哭呢？",
      "告诉对方，你已经喜欢上了他或她身上的什么品质。",
      "你觉得什么东西是严肃到不能开玩笑的，假如有的话。",
      "如果你今晚就将死去，而且没有机会同任何人联络，你会因为之前没有对别人说什么话而感到遗憾，你为什么到现在都没有对他们说这些话呢？",
      "假设你拥有的全部东西都在你的房子里，现在房子着了火，救出家人和宠物之后，你还有机会安全地冲进去最后一次，取出最后一件东西，你会拿什么，为什么？",
      "你的家人中，谁去世了会令你最难过，为什么？",
      "说出一件你的个人问题，问对方如果遇到此事要如何解决。另外，也要让对方如实告诉你，在他或她眼中，你对于这个问题的感受是怎样的。"
    ]
  }
]